seed,difficulty,map,events,allied,status,victory,winner,turns,ms,wars,peace,nap,alliance,researchPacts,explorationPacts,contacts,firstWarRound,solarFlare,wreckage,betrayal,dustStorm,seismic,issues,helmCities,helmPop,helmTechs,helmScore,helmOut,verdantiaCities,verdantiaPop,verdantiaTechs,verdantiaScore,verdantiaOut,genesisCities,genesisPop,genesisTechs,genesisScore,genesisOut,ironcladCities,ironcladPop,ironcladTechs,ironcladScore,ironcladOut,mnemosyneCities,mnemosynePop,mnemosyneTechs,mnemosyneScore,mnemosyneOut,clioCities,clioPop,clioTechs,clioScore,clioOut
9000,easy,60x40,false,true,finished,solo,ironclad,244,3948,13,0,1,0,5,0,13,30,0,0,0,0,0,"hostile units share 4,11 (mnemosyne and ironclad naval/sea)",0,0,25,127,206,0,0,7,35,63,0,0,7,35,165,16,159,45,3651,,0,0,45,227,244,0,0,15,75,120
9001,normal,60x40,false,true,finished,solo,ironclad,158,3062,9,0,3,1,5,0,14,18,0,0,0,0,0,"hostile units share 45,18 (ironclad and helm naval/sea)",0,0,35,175,105,0,0,18,92,90,0,0,26,130,84,20,190,46,4314,,0,0,33,165,68,0,0,45,227,158
9002,hard,60x40,false,true,finished,solo,helm,103,3301,9,0,0,0,0,0,9,16,0,0,0,0,0,"hostile units share 39,27 (ironclad and helm naval/sea)",27,256,45,5715,,0,0,5,25,24,0,0,13,65,51,0,0,28,140,55,0,0,44,228,103,0,0,16,80,76
9003,brutal,60x40,false,true,finished,solo,mnemosyne,134,8261,10,0,0,0,0,0,10,13,0,0,0,0,0,,0,0,18,90,84,0,0,13,65,93,0,0,46,230,134,0,0,46,230,110,40,357,46,8184,,0,0,23,115,69
9004,easy,60x40,false,true,finished,solo,helm,138,1224,7,0,1,0,1,0,8,19,0,0,0,0,0,,14,140,40,3076,,0,0,12,60,128,0,0,20,100,87,0,0,6,30,36,0,0,34,170,114,0,0,21,109,138
9005,normal,60x40,false,true,finished,solo,ironclad,220,4543,9,0,2,1,2,0,10,14,0,0,0,0,0,,0,0,46,230,203,0,0,3,15,19,0,0,46,230,126,19,175,46,4044,,0,0,46,234,220,0,0,6,30,28
9006,hard,60x40,false,true,finished,solo,helm,115,4144,12,0,0,0,0,0,12,12,0,0,0,0,0,"hostile units share 50,5 (genesis and helm naval/sea)",31,281,46,6378,,0,0,23,115,115,0,0,22,110,79,0,0,46,230,103,0,0,29,145,70,0,0,8,40,67
9007,brutal,60x40,false,true,finished,solo,clio,101,4143,11,0,0,0,1,0,11,12,0,0,0,0,0,"hostile units share 33,6 (clio and helm naval/sea)",0,0,46,232,60,0,0,12,60,80,0,0,12,60,36,0,0,10,50,28,0,0,46,234,101,30,291,46,6326,
9008,easy,60x40,false,true,finished,solo,mnemosyne,205,3052,11,0,3,0,4,0,11,20,0,0,0,0,0,"hostile units share 35,6 (mnemosyne and verdantia naval/sea) | hostile units share 19,32 (clio and mnemosyne naval/sea) | hostile units share 21,2 (verdantia and mnemosyne naval/sea)",0,0,7,35,37,0,0,20,104,205,0,0,11,55,128,0,0,8,40,64,18,175,45,3943,,0,0,36,182,136
9009,normal,60x40,false,true,finished,solo,ironclad,95,1816,8,0,2,0,3,0,9,12,0,0,0,0,0,,0,0,17,85,95,0,0,6,30,38,0,0,11,55,57,19,174,37,3969,,0,0,5,25,34,0,0,25,125,81
9010,hard,60x40,false,true,finished,solo,helm,135,4464,12,0,0,0,0,0,12,10,0,0,0,0,0,"hostile units share 31,6 (verdantia and clio naval/sea) | hostile units share 31,6 (ironclad and clio naval/sea)",21,188,43,4467,,0,0,4,20,32,0,0,43,219,135,0,0,38,190,88,0,0,12,60,28,0,0,32,162,104
9011,brutal,60x40,false,true,finished,solo,ironclad,104,4100,11,0,0,0,0,0,11,9,0,0,0,0,0,,0,0,13,65,51,0,0,21,105,86,0,0,16,80,69,35,277,46,6834,,0,0,14,70,50,0,0,30,150,104
9012,easy,60x40,false,true,finished,solo,helm,128,1726,11,0,3,1,6,0,12,19,0,0,0,0,0,,12,120,37,2659,,0,0,19,95,115,0,0,35,191,128,0,0,2,10,28,0,0,13,65,40,0,0,7,35,59
9013,normal,60x40,false,true,finished,solo,mnemosyne,112,3140,8,0,3,1,3,0,9,19,0,0,0,0,0,"hostile units share 24,3 (genesis and mnemosyne naval/sea)",0,0,18,90,112,0,0,15,75,27,0,0,17,85,65,0,0,5,25,29,14,137,48,3196,,0,0,18,90,73
9014,hard,60x40,false,true,finished,solo,helm,155,4423,12,0,0,0,0,0,12,10,0,0,0,0,0,,25,227,45,5261,,0,0,16,80,86,0,0,11,55,75,0,0,41,205,123,0,0,45,227,155,0,0,17,87,70
9015,brutal,60x40,false,true,finished,solo,mnemosyne,133,7454,10,0,0,0,0,0,10,9,0,0,0,0,0,,0,0,10,50,58,0,0,16,80,77,0,0,17,85,66,0,0,45,225,90,36,309,46,7218,,0,0,46,232,133
9016,easy,60x40,false,true,finished,solo,ironclad,100,1300,7,0,2,2,4,0,10,32,0,0,0,0,0,,0,0,8,40,42,0,0,20,100,80,0,0,20,100,91,15,140,38,3188,,0,0,15,75,57,0,0,20,102,100
9017,normal,60x40,false,true,finished,solo,ironclad,170,3992,14,0,0,0,4,0,15,14,0,0,0,0,0,"hostile units share 29,6 (helm and verdantia naval/sea) | hostile units share 44,23 (genesis and verdantia naval/sea) | hostile units share 7,35 (clio and verdantia naval/sea) | hostile units share 44,23 (verdantia and ironclad naval/sea) | hostile units share 32,32 (verdantia and ironclad naval/sea)",0,0,27,135,137,0,0,37,191,170,0,0,19,97,103,24,223,45,5081,,0,0,29,145,98,0,0,18,90,110
9018,hard,60x40,false,true,finished,solo,genesis,130,3336,12,0,0,0,0,0,12,11,0,0,0,0,0,"hostile units share 32,4 (helm and clio naval/sea) | hostile units share 40,28 (mnemosyne and genesis naval/sea)",0,0,15,75,70,0,0,15,75,130,27,263,46,5744,,0,0,14,70,39,0,0,46,230,98,0,0,19,95,120
9019,brutal,60x40,false,true,finished,solo,ironclad,124,3381,7,0,0,0,0,0,7,10,0,0,0,0,0,"hostile units share 48,5 (verdantia and helm naval/sea)",0,0,37,187,124,0,0,15,75,75,0,0,23,121,98,27,190,45,5033,,0,0,5,25,20,0,0,16,80,75
9020,easy,60x40,false,true,finished,solo,helm,143,2188,12,1,2,0,6,0,12,21,0,0,0,0,0,"hostile units share 50,5 (verdantia and clio naval/sea) | hostile units share 45,26 (verdantia and clio naval/sea)",16,155,37,3423,,0,0,15,81,120,0,0,19,99,127,0,0,3,15,30,0,0,20,100,70,0,0,35,175,143
9021,normal,60x40,false,true,finished,solo,helm,117,4517,13,2,1,0,2,0,12,14,0,0,0,0,0,"hostile units share 34,31 (clio and helm naval/sea) | hostile units share 29,35 (mnemosyne and helm naval/sea)",24,206,44,4896,,0,0,15,75,82,0,0,28,140,81,0,0,15,75,94,0,0,42,212,117,0,0,20,100,72
9022,hard,60x40,false,true,finished,solo,ironclad,88,3285,8,0,0,0,0,0,8,13,0,0,0,0,0,,0,0,17,85,59,0,0,4,20,30,0,0,4,20,31,30,275,46,6318,,0,0,46,230,88,0,0,22,110,47
9023,brutal,60x40,false,true,finished,solo,ironclad,133,8344,12,0,0,0,0,0,12,12,0,0,0,0,0,,0,0,11,55,42,0,0,14,70,35,0,0,46,230,133,34,271,46,6772,,0,0,46,230,82,0,0,17,85,71
9024,easy,60x40,false,true,finished,solo,helm,204,4300,16,1,4,1,8,0,15,28,0,0,0,0,0,"hostile units share 45,27 (genesis and clio naval/sea)",17,170,34,3758,37,0,0,32,162,204,0,0,30,150,169,0,0,14,70,89,0,0,12,60,53,0,0,36,180,165
9025,normal,60x40,false,true,finished,solo,ironclad,137,2186,9,1,1,0,4,0,9,20,0,0,0,0,0,,0,0,30,150,125,0,0,8,40,96,0,0,11,55,33,18,171,46,3852,,0,0,45,227,137,0,0,5,25,26
9026,hard,60x40,false,true,finished,solo,ironclad,128,3448,8,0,0,0,0,0,8,9,0,0,0,0,0,"hostile units share 37,26 (clio and verdantia naval/sea) | hostile units share 37,26 (verdantia and clio naval/sea)",0,0,17,85,85,0,0,11,63,128,0,0,3,15,11,27,220,41,5337,,0,0,31,155,96,0,0,25,125,119
9027,brutal,60x40,false,true,finished,solo,helm,96,4871,11,0,0,0,0,0,11,8,0,0,0,0,0,,33,224,44,6128,,0,0,13,65,42,0,0,11,55,41,0,0,42,216,96,0,0,10,50,42,0,0,11,55,48
9028,easy,60x40,false,true,finished,solo,ironclad,232,5176,12,0,3,2,4,0,14,21,0,0,0,0,0,"hostile units share 51,6 (mnemosyne and genesis naval/sea) | hostile units share 16,36 (clio and ironclad naval/sea) | hostile units share 38,26 (mnemosyne and helm naval/sea)",0,0,44,222,185,0,0,14,70,90,0,0,43,219,145,19,185,46,4264,,0,0,46,232,232,0,0,10,50,42
9029,normal,60x40,false,true,finished,solo,ironclad,131,2635,11,1,0,0,3,0,11,16,0,0,0,0,0,"hostile units share 18,4 (verdantia and clio naval/sea)",0,0,22,110,107,0,0,6,32,37,0,0,19,95,124,20,193,39,4241,,0,0,9,45,43,0,0,31,157,131
9030,hard,60x40,false,true,finished,solo,clio,163,11510,14,0,0,0,2,0,14,10,0,0,0,0,0,"hostile units share 36,29 (mnemosyne and clio naval/sea) | hostile units share 39,27 (mnemosyne and clio naval/sea) | hostile units share 47,21 (mnemosyne and helm naval/sea) | hostile units share 46,24 (mnemosyne and clio naval/sea)",0,0,40,200,163,0,0,26,130,89,0,0,12,60,68,0,0,34,170,105,0,0,39,201,128,32,293,45,6753,
9031,brutal,60x40,false,true,finished,solo,mnemosyne,134,6664,11,0,0,0,1,0,11,10,0,0,0,0,0,,0,0,17,85,63,0,0,21,105,93,0,0,8,40,40,0,0,37,185,69,34,278,46,6674,,0,0,46,232,134
9032,easy,60x40,false,true,finished,solo,ironclad,155,2169,8,0,3,0,3,0,9,22,0,0,0,0,0,,0,0,7,35,80,0,0,6,30,45,0,0,4,20,35,14,140,39,3151,,0,0,38,190,155,0,0,16,80,120
9033,normal,60x40,false,true,finished,solo,mnemosyne,180,4212,10,0,1,1,4,0,10,17,0,0,0,0,0,"hostile units share 46,19 (verdantia and mnemosyne naval/sea)",0,0,48,246,180,0,0,11,59,125,0,0,40,200,138,0,0,41,205,134,21,202,46,4510,,0,0,24,120,99
9034,hard,60x40,false,true,finished,solo,clio,125,3550,10,0,0,0,0,0,10,12,0,0,0,0,0,"hostile units share 14,8 (clio and ironclad naval/sea) | hostile units share 9,36 (verdantia and helm naval/sea)",0,0,46,234,125,0,0,9,47,48,0,0,5,25,24,0,0,46,230,97,0,0,33,165,61,25,243,46,5350,
9035,brutal,60x40,false,true,finished,solo,ironclad,111,4299,11,0,0,0,1,0,11,9,0,0,0,0,0,"hostile units share 3,25 (verdantia and clio naval/sea)",0,0,12,60,74,0,0,12,60,47,0,0,14,70,51,29,228,42,5682,,0,0,5,25,21,0,0,39,199,111
9036,easy,60x40,false,true,finished,solo,clio,182,3159,10,0,6,0,6,0,13,24,0,0,0,0,0,"hostile units share 38,30 (genesis and clio naval/sea)",0,0,13,69,128,0,0,18,90,36,0,0,31,155,105,0,0,46,234,182,0,0,24,120,76,16,159,46,3552,
9037,normal,60x40,false,true,finished,solo,ironclad,153,4625,12,1,2,1,2,0,13,17,0,0,0,0,0,"hostile units share 28,33 (helm and clio naval/sea) | hostile units share 36,6 (ironclad and mnemosyne naval/sea) | hostile units share 34,30 (helm and clio naval/sea) | hostile units share 34,30 (helm and ironclad naval/sea)",0,0,15,77,98,0,0,22,110,125,0,0,17,85,93,22,195,44,4642,,0,0,38,190,132,0,0,37,189,153
9038,hard,60x40,false,true,finished,solo,ironclad,93,2377,10,0,0,0,0,0,10,10,0,0,0,0,0,"hostile units share 21,32 (clio and helm naval/sea)",0,0,33,167,93,0,0,14,70,70,0,0,4,20,22,22,198,39,4599,,0,0,9,45,38,0,0,15,75,58
9039,brutal,60x40,false,true,finished,solo,helm,124,10107,10,0,0,0,0,0,10,10,0,0,0,0,0,"hostile units share 52,7 (genesis and verdantia naval/sea)",37,260,46,7016,,0,0,11,55,55,0,0,21,105,57,0,0,22,110,49,0,0,46,230,124,0,0,17,85,103
9040,easy,60x40,false,true,finished,solo,ironclad,120,1049,7,0,2,0,2,0,7,21,0,0,0,0,0,,0,0,19,97,120,0,0,5,25,30,0,0,12,60,114,14,138,42,3064,,0,0,36,180,105,0,0,8,40,48
9041,normal,60x40,false,true,finished,solo,mnemosyne,160,3954,9,1,1,1,3,0,9,15,0,0,0,0,0,,0,0,37,187,160,0,0,13,69,139,0,0,10,50,72,0,0,40,200,123,20,179,46,4184,,0,0,16,80,77
9042,hard,60x40,false,true,finished,solo,ironclad,125,2821,8,0,0,0,0,0,8,13,0,0,0,0,0,"hostile units share 48,18 (clio and ironclad naval/sea) | hostile units share 34,6 (clio and ironclad naval/sea) | hostile units share 8,7 (genesis and mnemosyne naval/sea) | hostile units share 35,29 (ironclad and clio naval/sea) | hostile units share 45,5 (clio and ironclad naval/sea)",0,0,4,20,43,0,0,8,40,48,0,0,10,50,52,25,230,46,5290,,0,0,46,232,125,0,0,42,210,99
9043,brutal,60x40,false,true,finished,solo,mnemosyne,96,3745,9,0,0,0,0,0,9,8,0,0,0,0,0,"hostile units share 21,37 (clio and mnemosyne naval/sea)",0,0,12,60,52,0,0,11,55,71,0,0,15,75,43,0,0,28,140,68,32,259,46,6270,,0,0,29,149,96
9044,easy,60x40,false,true,finished,solo,clio,115,2078,9,0,3,2,3,0,10,20,0,0,0,0,0,"hostile units share 25,31 (helm and clio naval/sea)",0,0,26,130,107,0,0,7,35,50,0,0,23,119,115,0,0,12,60,59,0,0,18,90,91,17,163,37,3577,
9045,normal,60x40,false,true,finished,solo,clio,75,1983,11,0,1,1,3,0,12,15,0,0,0,0,0,,0,0,8,40,53,0,0,15,75,18,0,0,16,82,75,0,0,9,45,38,0,0,13,65,64,23,220,29,4737,
9046,hard,60x40,false,true,finished,solo,ironclad,120,3002,10,0,0,0,0,0,10,12,0,0,0,0,0,,0,0,24,120,94,0,0,4,20,24,0,0,19,95,108,27,229,44,5420,,0,0,44,220,120,0,0,25,125,87
9047,brutal,60x40,false,true,finished,solo,verdantia,119,4480,13,0,0,0,0,0,13,10,0,0,0,0,0,,0,0,20,100,63,33,307,46,6834,,0,0,13,65,55,0,0,39,195,68,0,0,46,234,119,0,0,21,105,70
